insert into users (id, name, role, employee_no) values
  ('00000000-0000-0000-0000-000000000101', '王小明', 'nurse', 'N001'),
  ('00000000-0000-0000-0000-000000000102', '陳美麗', 'nurse', 'N002'),
  ('00000000-0000-0000-0000-000000000103', '林志強', 'nurse', 'N003'),
  ('00000000-0000-0000-0000-000000000104', '張雅婷', 'nurse', 'N004'),
  ('00000000-0000-0000-0000-000000000105', '李家豪', 'nurse', 'N005'),
  ('00000000-0000-0000-0000-000000000106', '吳佩珊', 'nurse', 'N006'),
  ('00000000-0000-0000-0000-000000000107', '周柏宇', 'nurse', 'N007'),
  ('00000000-0000-0000-0000-000000000108', '黃思涵', 'nurse', 'N008'),
  ('00000000-0000-0000-0000-000000000109', '何俊傑', 'nurse', 'N009'),
  ('00000000-0000-0000-0000-000000000110', '李小華', 'charge_nurse', 'N010');

insert into nurses (id, display_name, short_name, seniority_level, is_active) values
  ('00000000-0000-0000-0000-000000000101', '護理師 A - 王小明', '王小明', null, true),
  ('00000000-0000-0000-0000-000000000102', '護理師 B - 陳美麗', '陳美麗', null, true),
  ('00000000-0000-0000-0000-000000000103', '護理師 C - 林志強', '林志強', null, true),
  ('00000000-0000-0000-0000-000000000104', '護理師 D - 張雅婷', '張雅婷', null, true),
  ('00000000-0000-0000-0000-000000000105', '護理師 E - 李家豪', '李家豪', null, true),
  ('00000000-0000-0000-0000-000000000106', '護理師 F - 吳佩珊', '吳佩珊', null, true),
  ('00000000-0000-0000-0000-000000000107', '護理師 G - 周柏宇', '周柏宇', null, true),
  ('00000000-0000-0000-0000-000000000108', '護理師 H - 黃思涵', '黃思涵', null, true),
  ('00000000-0000-0000-0000-000000000109', '護理師 I - 何俊傑', '何俊傑', null, true),
  ('00000000-0000-0000-0000-000000000110', '小組長 李小華', '李小華', null, true);

insert into shifts (id, unit_name, shift_key, starts_at, ends_at, charge_nurse_id, status) values
  (
    '00000000-0000-0000-0000-000000000201',
    'ICU',
    'day',
    '2026-05-08 06:00:00+08',
    '2026-05-08 14:00:00+08',
    '00000000-0000-0000-0000-000000000110',
    'open'
  );

insert into shift_nurses (shift_id, nurse_id, role) values
  ('00000000-0000-0000-0000-000000000201', '00000000-0000-0000-0000-000000000101', 'nurse'),
  ('00000000-0000-0000-0000-000000000201', '00000000-0000-0000-0000-000000000102', 'nurse'),
  ('00000000-0000-0000-0000-000000000201', '00000000-0000-0000-0000-000000000103', 'nurse'),
  ('00000000-0000-0000-0000-000000000201', '00000000-0000-0000-0000-000000000104', 'nurse'),
  ('00000000-0000-0000-0000-000000000201', '00000000-0000-0000-0000-000000000105', 'nurse'),
  ('00000000-0000-0000-0000-000000000201', '00000000-0000-0000-0000-000000000106', 'nurse'),
  ('00000000-0000-0000-0000-000000000201', '00000000-0000-0000-0000-000000000107', 'nurse'),
  ('00000000-0000-0000-0000-000000000201', '00000000-0000-0000-0000-000000000108', 'nurse'),
  ('00000000-0000-0000-0000-000000000201', '00000000-0000-0000-0000-000000000109', 'nurse'),
  ('00000000-0000-0000-0000-000000000201', '00000000-0000-0000-0000-000000000110', 'charge_nurse');

insert into beds (id, unit_name, bed_no, label, is_active) values
  ('00000000-0000-0000-0000-000000000301', 'ICU', 1, '床 1', true),
  ('00000000-0000-0000-0000-000000000302', 'ICU', 2, '床 2', true),
  ('00000000-0000-0000-0000-000000000303', 'ICU', 3, '床 3', true),
  ('00000000-0000-0000-0000-000000000304', 'ICU', 4, '床 4', true),
  ('00000000-0000-0000-0000-000000000305', 'ICU', 5, '床 5', true),
  ('00000000-0000-0000-0000-000000000306', 'ICU', 6, '床 6', true),
  ('00000000-0000-0000-0000-000000000307', 'ICU', 7, '床 7', true),
  ('00000000-0000-0000-0000-000000000308', 'ICU', 8, '床 8', true),
  ('00000000-0000-0000-0000-000000000309', 'ICU', 9, '床 9', true),
  ('00000000-0000-0000-0000-000000000310', 'ICU', 10, '床 10', true),
  ('00000000-0000-0000-0000-000000000311', 'ICU', 11, '床 11', true),
  ('00000000-0000-0000-0000-000000000312', 'ICU', 12, '床 12', true),
  ('00000000-0000-0000-0000-000000000313', 'ICU', 13, '床 13', true),
  ('00000000-0000-0000-0000-000000000314', 'ICU', 14, '床 14', true),
  ('00000000-0000-0000-0000-000000000315', 'ICU', 15, '床 15', true),
  ('00000000-0000-0000-0000-000000000316', 'ICU', 16, '床 16', true),
  ('00000000-0000-0000-0000-000000000317', 'ICU', 17, '床 17', true);

insert into patients (id, medical_record_no, name, sex, birth_date) values
  ('00000000-0000-0000-0000-000000000401', 'MR000001', '陳志豪', '男', '1958-01-01'),
  ('00000000-0000-0000-0000-000000000402', 'MR000002', '林淑芬', '女', '1952-01-01'),
  ('00000000-0000-0000-0000-000000000403', 'MR000003', '王建翔', '男', '1974-01-01'),
  ('00000000-0000-0000-0000-000000000404', 'MR000004', '吳佩蓉', '女', '1945-01-01'),
  ('00000000-0000-0000-0000-000000000405', 'MR000005', '李明哲', '男', '1949-01-01'),
  ('00000000-0000-0000-0000-000000000406', 'MR000006', '周雅婷', '女', '1960-01-01'),
  ('00000000-0000-0000-0000-000000000407', 'MR000007', '郭柏霖', '男', '1967-01-01'),
  ('00000000-0000-0000-0000-000000000408', 'MR000008', '許心怡', '女', '1956-01-01'),
  ('00000000-0000-0000-0000-000000000409', 'MR000009', '黃冠廷', '男', '1963-01-01'),
  ('00000000-0000-0000-0000-000000000410', 'MR000010', '吳怡君', '女', '1981-01-01'),
  ('00000000-0000-0000-0000-000000000411', 'MR000011', '邱子豪', '男', '1993-01-01'),
  ('00000000-0000-0000-0000-000000000412', 'MR000012', '蔡佩珊', '女', '1968-01-01'),
  ('00000000-0000-0000-0000-000000000413', 'MR000013', '鄭文彥', '男', '1954-01-01'),
  ('00000000-0000-0000-0000-000000000414', 'MR000014', '何冠廷', '女', '1962-01-01'),
  ('00000000-0000-0000-0000-000000000415', 'MR000015', '杜承恩', '男', '1970-01-01'),
  ('00000000-0000-0000-0000-000000000416', 'MR000016', '蘇雅婷', '女', '1965-01-01'),
  ('00000000-0000-0000-0000-000000000417', 'MR000017', '方志豪', '男', '1977-01-01');

insert into admissions (id, patient_id, bed_id, diagnosis, admitted_at, attending_physician, status) values
  ('00000000-0000-0000-0000-000000000501', '00000000-0000-0000-0000-000000000401', '00000000-0000-0000-0000-000000000301', 'ARDS', '2026-04-22', '張志明醫師', 'active'),
  ('00000000-0000-0000-0000-000000000502', '00000000-0000-0000-0000-000000000402', '00000000-0000-0000-0000-000000000302', '敗血症', '2026-04-20', '林怡君醫師', 'active'),
  ('00000000-0000-0000-0000-000000000503', '00000000-0000-0000-0000-000000000403', '00000000-0000-0000-0000-000000000303', '術後照護', '2026-04-24', '王建宏醫師', 'active'),
  ('00000000-0000-0000-0000-000000000504', '00000000-0000-0000-0000-000000000404', '00000000-0000-0000-0000-000000000304', 'COPD 急性惡化', '2026-04-18', '陳美玲醫師', 'active'),
  ('00000000-0000-0000-0000-000000000505', '00000000-0000-0000-0000-000000000405', '00000000-0000-0000-0000-000000000305', '心衰竭急性惡化', '2026-04-19', '李承翰醫師', 'active'),
  ('00000000-0000-0000-0000-000000000506', '00000000-0000-0000-0000-000000000406', '00000000-0000-0000-0000-000000000306', '腦中風（急性期）', '2026-04-23', '周雅雯醫師', 'active'),
  ('00000000-0000-0000-0000-000000000507', '00000000-0000-0000-0000-000000000407', '00000000-0000-0000-0000-000000000307', '肺炎併呼吸衰竭', '2026-04-21', '郭柏宏醫師', 'active'),
  ('00000000-0000-0000-0000-000000000508', '00000000-0000-0000-0000-000000000408', '00000000-0000-0000-0000-000000000308', '上消化道出血', '2026-04-25', '許心怡醫師', 'active'),
  ('00000000-0000-0000-0000-000000000509', '00000000-0000-0000-0000-000000000409', '00000000-0000-0000-0000-000000000309', '腎衰竭（洗腎評估）', '2026-04-17', '黃冠霖醫師', 'active'),
  ('00000000-0000-0000-0000-000000000510', '00000000-0000-0000-0000-000000000410', '00000000-0000-0000-0000-000000000310', '糖尿病酮酸中毒', '2026-04-26', '吳怡婷醫師', 'active'),
  ('00000000-0000-0000-0000-000000000511', '00000000-0000-0000-0000-000000000411', '00000000-0000-0000-0000-000000000311', '多發外傷（術後）', '2026-04-16', '邱子豪醫師', 'active'),
  ('00000000-0000-0000-0000-000000000512', '00000000-0000-0000-0000-000000000412', '00000000-0000-0000-0000-000000000312', '胰臟炎（重症）', '2026-04-15', '蔡佩珊醫師', 'active'),
  ('00000000-0000-0000-0000-000000000513', '00000000-0000-0000-0000-000000000413', '00000000-0000-0000-0000-000000000313', '敗血性休克', '2026-04-14', '鄭文彥醫師', 'active'),
  ('00000000-0000-0000-0000-000000000514', '00000000-0000-0000-0000-000000000414', '00000000-0000-0000-0000-000000000314', '心肌梗塞（PCI 後）', '2026-04-13', '何冠廷醫師', 'active'),
  ('00000000-0000-0000-0000-000000000515', '00000000-0000-0000-0000-000000000415', '00000000-0000-0000-0000-000000000315', '腸阻塞（術前）', '2026-04-12', '杜承恩醫師', 'active'),
  ('00000000-0000-0000-0000-000000000516', '00000000-0000-0000-0000-000000000416', '00000000-0000-0000-0000-000000000316', '肝硬化併腹水', '2026-04-11', '蘇雅婷醫師', 'active'),
  ('00000000-0000-0000-0000-000000000517', '00000000-0000-0000-0000-000000000417', '00000000-0000-0000-0000-000000000317', '感染性腦膜炎', '2026-04-10', '方志豪醫師', 'active');

